Country,Indicator,Value
Australia,Labour market insecurity,3.1
Austria,Labour market insecurity,2.3
Belgium,Labour market insecurity,2.4
Canada,Labour market insecurity,3.8
Czech Republic,Labour market insecurity,2.3
Denmark,Labour market insecurity,4.5
Finland,Labour market insecurity,2.2
France,Labour market insecurity,3.1
Germany,Labour market insecurity,1.4
Greece,Labour market insecurity,21.7
Hungary,Labour market insecurity,3.8
Iceland,Labour market insecurity,1
Ireland,Labour market insecurity,2.6
Italy,Labour market insecurity,8.6
Japan,Labour market insecurity,2.7
Korea,Labour market insecurity,2.9
Luxembourg,Labour market insecurity,2.2
Mexico,Labour market insecurity,4
Netherlands,Labour market insecurity,2.5
New Zealand,Labour market insecurity,4.5
Norway,Labour market insecurity,2.8
Poland,Labour market insecurity,5
Portugal,Labour market insecurity,8.1
Slovak Republic,Labour market insecurity,8.8
Spain,Labour market insecurity,15.8
Sweden,Labour market insecurity,4.4
Türkiye,Labour market insecurity,13
United Kingdom,Labour market insecurity,3.3
United States,Labour market insecurity,4.2
Chile,Labour market insecurity,7
Estonia,Labour market insecurity,5.4
Israel,Labour market insecurity,4.6
Latvia,Labour market insecurity,6.3
Slovenia,Labour market insecurity,5.9
Australia,Stakeholder engagement for developing regulations,2.7
Austria,Stakeholder engagement for developing regulations,1.3
Belgium,Stakeholder engagement for developing regulations,2
Canada,Stakeholder engagement for developing regulations,2.9
Czech Republic,Stakeholder engagement for developing regulations,1.6
Denmark,Stakeholder engagement for developing regulations,2
Finland,Stakeholder engagement for developing regulations,2.2
France,Stakeholder engagement for developing regulations,2.1
Germany,Stakeholder engagement for developing regulations,1.8
Greece,Stakeholder engagement for developing regulations,1.8
Hungary,Stakeholder engagement for developing regulations,1.2
Iceland,Stakeholder engagement for developing regulations,2.1
Ireland,Stakeholder engagement for developing regulations,1.3
Italy,Stakeholder engagement for developing regulations,2.5
Japan,Stakeholder engagement for developing regulations,1.4
Korea,Stakeholder engagement for developing regulations,2.9
Luxembourg,Stakeholder engagement for developing regulations,1.7
Mexico,Stakeholder engagement for developing regulations,3.2
Netherlands,Stakeholder engagement for developing regulations,2.6
New Zealand,Stakeholder engagement for developing regulations,2.5
Norway,Stakeholder engagement for developing regulations,2.2
Poland,Stakeholder engagement for developing regulations,2.6
Portugal,Stakeholder engagement for developing regulations,1.5
Slovak Republic,Stakeholder engagement for developing regulations,3
Spain,Stakeholder engagement for developing regulations,1.8
Sweden,Stakeholder engagement for developing regulations,2
Switzerland,Stakeholder engagement for developing regulations,2.3
Türkiye,Stakeholder engagement for developing regulations,1.5
United Kingdom,Stakeholder engagement for developing regulations,3.1
United States,Stakeholder engagement for developing regulations,3.1
Brazil,Stakeholder engagement for developing regulations,2.2
Chile,Stakeholder engagement for developing regulations,1.3
Estonia,Stakeholder engagement for developing regulations,2.7
Israel,Stakeholder engagement for developing regulations,2.5
Latvia,Stakeholder engagement for developing regulations,2.2
Slovenia,Stakeholder engagement for developing regulations,2.5
Austria,Dwellings without basic facilities,0.8
Belgium,Dwellings without basic facilities,0.7
Canada,Dwellings without basic facilities,0.2
Czech Republic,Dwellings without basic facilities,0.5
Denmark,Dwellings without basic facilities,0.5
Finland,Dwellings without basic facilities,0.4
France,Dwellings without basic facilities,0.5
Germany,Dwellings without basic facilities,0.1
Greece,Dwellings without basic facilities,0.4
Hungary,Dwellings without basic facilities,3.5
Iceland,Dwellings without basic facilities,0
Ireland,Dwellings without basic facilities,0.2
Italy,Dwellings without basic facilities,0.6
Japan,Dwellings without basic facilities,6.4
Korea,Dwellings without basic facilities,2.5
Luxembourg,Dwellings without basic facilities,0.1
Mexico,Dwellings without basic facilities,25.9
Netherlands,Dwellings without basic facilities,0.1
Norway,Dwellings without basic facilities,0
Poland,Dwellings without basic facilities,2.3
Portugal,Dwellings without basic facilities,0.9
Slovak Republic,Dwellings without basic facilities,1.5
Spain,Dwellings without basic facilities,0.3
Sweden,Dwellings without basic facilities,0
Switzerland,Dwellings without basic facilities,0
Türkiye,Dwellings without basic facilities,4.9
United Kingdom,Dwellings without basic facilities,0.5
United States,Dwellings without basic facilities,0.1
Brazil,Dwellings without basic facilities,6.7
Chile,Dwellings without basic facilities,9.4
Estonia,Dwellings without basic facilities,5.7
Latvia,Dwellings without basic facilities,11.2
Russia,Dwellings without basic facilities,13.8
Slovenia,Dwellings without basic facilities,0.2
South Africa,Dwellings without basic facilities,35.9
Australia,Housing expenditure,19.4
Austria,Housing expenditure,20.8
Belgium,Housing expenditure,20
Canada,Housing expenditure,22.9
Czech Republic,Housing expenditure,23.4
Denmark,Housing expenditure,23.3
Finland,Housing expenditure,23.1
France,Housing expenditure,20.7
Germany,Housing expenditure,20
Greece,Housing expenditure,21.8
Hungary,Housing expenditure,19.9
Ireland,Housing expenditure,20.6
Italy,Housing expenditure,22.5
Japan,Housing expenditure,21.8
Korea,Housing expenditure,14.7
Luxembourg,Housing expenditure,20.7
Mexico,Housing expenditure,17.8
Netherlands,Housing expenditure,19.6
New Zealand,Housing expenditure,25
Norway,Housing expenditure,17.7
Poland,Housing expenditure,21.2
Portugal,Housing expenditure,19.6
Slovak Republic,Housing expenditure,27.4
Spain,Housing expenditure,21.7
Sweden,Housing expenditure,20.1
Switzerland,Housing expenditure,21.4
Türkiye,Housing expenditure,18.9
United Kingdom,Housing expenditure,23.2
United States,Housing expenditure,18.3
Chile,Housing expenditure,18.4
Estonia,Housing expenditure,17
Latvia,Housing expenditure,20.8
Russia,Housing expenditure,17.4
Slovenia,Housing expenditure,18.2
South Africa,Housing expenditure,18.1
Australia,Feeling safe walking alone at night,67
Austria,Feeling safe walking alone at night,86
Belgium,Feeling safe walking alone at night,56
Canada,Feeling safe walking alone at night,78
Czech Republic,Feeling safe walking alone at night,77
Denmark,Feeling safe walking alone at night,85
Finland,Feeling safe walking alone at night,88
France,Feeling safe walking alone at night,74
Germany,Feeling safe walking alone at night,76
Greece,Feeling safe walking alone at night,69
Hungary,Feeling safe walking alone at night,74
Iceland,Feeling safe walking alone at night,85
Ireland,Feeling safe walking alone at night,76
Italy,Feeling safe walking alone at night,73
Japan,Feeling safe walking alone at night,77
Korea,Feeling safe walking alone at night,82
Luxembourg,Feeling safe walking alone at night,87
Mexico,Feeling safe walking alone at night,42
Netherlands,Feeling safe walking alone at night,83
New Zealand,Feeling safe walking alone at night,66
Norway,Feeling safe walking alone at night,93
Poland,Feeling safe walking alone at night,71
Portugal,Feeling safe walking alone at night,83
Slovak Republic,Feeling safe walking alone at night,76
Spain,Feeling safe walking alone at night,80
Sweden,Feeling safe walking alone at night,79
Switzerland,Feeling safe walking alone at night,86
Türkiye,Feeling safe walking alone at night,59
United Kingdom,Feeling safe walking alone at night,78
United States,Feeling safe walking alone at night,78
Brazil,Feeling safe walking alone at night,45
Chile,Feeling safe walking alone at night,41
Estonia,Feeling safe walking alone at night,79
Israel,Feeling safe walking alone at night,80
Latvia,Feeling safe walking alone at night,72
Russia,Feeling safe walking alone at night,64
Slovenia,Feeling safe walking alone at night,91
South Africa,Feeling safe walking alone at night,40
Australia,Feeling safe walking alone at night,81
Austria,Feeling safe walking alone at night,89
Belgium,Feeling safe walking alone at night,66
Canada,Feeling safe walking alone at night,88
Czech Republic,Feeling safe walking alone at night,88
Denmark,Feeling safe walking alone at night,94
Finland,Feeling safe walking alone at night,96
France,Feeling safe walking alone at night,78
Germany,Feeling safe walking alone at night,83
Greece,Feeling safe walking alone at night,79
Hungary,Feeling safe walking alone at night,83
Iceland,Feeling safe walking alone at night,93
Ireland,Feeling safe walking alone at night,86
Italy,Feeling safe walking alone at night,79
Japan,Feeling safe walking alone at night,85
Korea,Feeling safe walking alone at night,87
Luxembourg,Feeling safe walking alone at night,89
Mexico,Feeling safe walking alone at night,54
Netherlands,Feeling safe walking alone at night,95
New Zealand,Feeling safe walking alone at night,80
Norway,Feeling safe walking alone at night,98
Poland,Feeling safe walking alone at night,80
Portugal,Feeling safe walking alone at night,92
Slovak Republic,Feeling safe walking alone at night,86
Spain,Feeling safe walking alone at night,86
Sweden,Feeling safe walking alone at night,90
Switzerland,Feeling safe walking alone at night,91
Türkiye,Feeling safe walking alone at night,72
United Kingdom,Feeling safe walking alone at night,80
United States,Feeling safe walking alone at night,88
Brazil,Feeling safe walking alone at night,55
Chile,Feeling safe walking alone at night,53
Estonia,Feeling safe walking alone at night,90
Israel,Feeling safe walking alone at night,83
Latvia,Feeling safe walking alone at night,87
Russia,Feeling safe walking alone at night,74
Slovenia,Feeling safe walking alone at night,95
South Africa,Feeling safe walking alone at night,46
Australia,Feeling safe walking alone at night,54
Austria,Feeling safe walking alone at night,82
Belgium,Feeling safe walking alone at night,47
Canada,Feeling safe walking alone at night,67
Czech Republic,Feeling safe walking alone at night,67
Denmark,Feeling safe walking alone at night,77
Finland,Feeling safe walking alone at night,80
France,Feeling safe walking alone at night,70
Germany,Feeling safe walking alone at night,69
Greece,Feeling safe walking alone at night,59
Hungary,Feeling safe walking alone at night,65
Iceland,Feeling safe walking alone at night,78
Ireland,Feeling safe walking alone at night,67
Italy,Feeling safe walking alone at night,67
Japan,Feeling safe walking alone at night,69
Korea,Feeling safe walking alone at night,77
Luxembourg,Feeling safe walking alone at night,84
Mexico,Feeling safe walking alone at night,32
Netherlands,Feeling safe walking alone at night,72
New Zealand,Feeling safe walking alone at night,53
Norway,Feeling safe walking alone at night,89
Poland,Feeling safe walking alone at night,63
Portugal,Feeling safe walking alone at night,75
Slovak Republic,Feeling safe walking alone at night,67
Spain,Feeling safe walking alone at night,75
Sweden,Feeling safe walking alone at night,68
Switzerland,Feeling safe walking alone at night,81
Türkiye,Feeling safe walking alone at night,45
United Kingdom,Feeling safe walking alone at night,77
United States,Feeling safe walking alone at night,69
Brazil,Feeling safe walking alone at night,34
Chile,Feeling safe walking alone at night,30
Estonia,Feeling safe walking alone at night,71
Israel,Feeling safe walking alone at night,77
Latvia,Feeling safe walking alone at night,61
Russia,Feeling safe walking alone at night,55
Slovenia,Feeling safe walking alone at night,85
South Africa,Feeling safe walking alone at night,35
Austria,Rooms per person,1.6
Belgium,Rooms per person,2.1
Canada,Rooms per person,2.6
Czech Republic,Rooms per person,1.5
Denmark,Rooms per person,1.9
Finland,Rooms per person,1.9
France,Rooms per person,1.8
Germany,Rooms per person,1.8
Greece,Rooms per person,1.2
Hungary,Rooms per person,1.4
Iceland,Rooms per person,1.6
Ireland,Rooms per person,2.1
Italy,Rooms per person,1.4
Japan,Rooms per person,1.9
Korea,Rooms per person,1.5
Luxembourg,Rooms per person,2
Mexico,Rooms per person,1.1
Netherlands,Rooms per person,2
New Zealand,Rooms per person,2.4
Norway,Rooms per person,2.1
Poland,Rooms per person,1.1
Portugal,Rooms per person,1.7
Slovak Republic,Rooms per person,1.1
Spain,Rooms per person,1.9
Sweden,Rooms per person,1.7
Switzerland,Rooms per person,1.9
Türkiye,Rooms per person,1
United Kingdom,Rooms per person,2
United States,Rooms per person,2.4
Chile,Rooms per person,1.9
Estonia,Rooms per person,1.7
Israel,Rooms per person,1.2
Latvia,Rooms per person,1.2
Russia,Rooms per person,1
Slovenia,Rooms per person,1.6
Australia,Household net adjusted disposable income,37433
Austria,Household net adjusted disposable income,37001
Belgium,Household net adjusted disposable income,34884
Canada,Household net adjusted disposable income,34421
Czech Republic,Household net adjusted disposable income,26664
Denmark,Household net adjusted disposable income,33774
Finland,Household net adjusted disposable income,33471
France,Household net adjusted disposable income,34375
Germany,Household net adjusted disposable income,38971
Greece,Household net adjusted disposable income,20791
Hungary,Household net adjusted disposable income,21026
Ireland,Household net adjusted disposable income,29488
Italy,Household net adjusted disposable income,29431
Japan,Household net adjusted disposable income,28872
Korea,Household net adjusted disposable income,24590
Luxembourg,Household net adjusted disposable income,44773
Mexico,Household net adjusted disposable income,16269
Netherlands,Household net adjusted disposable income,34984
New Zealand,Household net adjusted disposable income,39024
Norway,Household net adjusted disposable income,39144
Poland,Household net adjusted disposable income,23675
Portugal,Household net adjusted disposable income,24877
Slovak Republic,Household net adjusted disposable income,21149
Spain,Household net adjusted disposable income,27155
Sweden,Household net adjusted disposable income,33730
Switzerland,Household net adjusted disposable income,39697
United Kingdom,Household net adjusted disposable income,33049
United States,Household net adjusted disposable income,51147
Estonia,Household net adjusted disposable income,23784
Latvia,Household net adjusted disposable income,19783
Russia,Household net adjusted disposable income,19546
Slovenia,Household net adjusted disposable income,25250
South Africa,Household net adjusted disposable income,9338
Australia,Household net wealth,528768
Austria,Household net wealth,309637
Belgium,Household net wealth,447607
Canada,Household net wealth,478240
Denmark,Household net wealth,149864
Finland,Household net wealth,230032
France,Household net wealth,298639
Germany,Household net wealth,304317
Greece,Household net wealth,148323
Hungary,Household net wealth,150296
Ireland,Household net wealth,370341
Italy,Household net wealth,295020
Japan,Household net wealth,294735
Korea,Household net wealth,362340
Luxembourg,Household net wealth,941162
Netherlands,Household net wealth,248599
New Zealand,Household net wealth,514162
Norway,Household net wealth,268358
Poland,Household net wealth,233221
Portugal,Household net wealth,255303
Slovak Republic,Household net wealth,171425
Spain,Household net wealth,366534
United Kingdom,Household net wealth,524422
United States,Household net wealth,684500
Chile,Household net wealth,135787
Estonia,Household net wealth,188627
Latvia,Household net wealth,79245
Slovenia,Household net wealth,233286
Australia,Employment rate,73
Austria,Employment rate,72
Belgium,Employment rate,65
Canada,Employment rate,70
Czech Republic,Employment rate,74
Denmark,Employment rate,74
Finland,Employment rate,72
France,Employment rate,65
Germany,Employment rate,77
Greece,Employment rate,56
Hungary,Employment rate,70
Iceland,Employment rate,78
Ireland,Employment rate,68
Italy,Employment rate,58
Japan,Employment rate,77
Korea,Employment rate,66
Luxembourg,Employment rate,67
Mexico,Employment rate,59
Netherlands,Employment rate,78
New Zealand,Employment rate,77
Norway,Employment rate,75
Poland,Employment rate,69
Portugal,Employment rate,69
Slovak Republic,Employment rate,68
Spain,Employment rate,62
Sweden,Employment rate,75
Switzerland,Employment rate,80
Türkiye,Employment rate,48
United Kingdom,Employment rate,75
United States,Employment rate,67
Brazil,Employment rate,57
Chile,Employment rate,56
Estonia,Employment rate,74
Israel,Employment rate,67
Latvia,Employment rate,72
Russia,Employment rate,70
Slovenia,Employment rate,71
South Africa,Employment rate,39
Australia,Employment rate,77
Austria,Employment rate,76
Belgium,Employment rate,68
Canada,Employment rate,73
Czech Republic,Employment rate,81
Denmark,Employment rate,77
Finland,Employment rate,74
France,Employment rate,68
Germany,Employment rate,80
Greece,Employment rate,65
Hungary,Employment rate,77
Iceland,Employment rate,80
Ireland,Employment rate,73
Italy,Employment rate,67
Japan,Employment rate,84
Korea,Employment rate,75
Luxembourg,Employment rate,70
Mexico,Employment rate,76
Netherlands,Employment rate,82
New Zealand,Employment rate,81
Norway,Employment rate,77
Poland,Employment rate,76
Portugal,Employment rate,72
Slovak Republic,Employment rate,73
Spain,Employment rate,67
Sweden,Employment rate,77
Switzerland,Employment rate,84
Türkiye,Employment rate,65
United Kingdom,Employment rate,79
United States,Employment rate,72
Brazil,Employment rate,67
Chile,Employment rate,65
Estonia,Employment rate,76
Israel,Employment rate,69
Latvia,Employment rate,73
Russia,Employment rate,75
Slovenia,Employment rate,74
South Africa,Employment rate,44
Australia,Employment rate,69
Austria,Employment rate,68
Belgium,Employment rate,61
Canada,Employment rate,67
Czech Republic,Employment rate,67
Denmark,Employment rate,71
Finland,Employment rate,71
France,Employment rate,62
Germany,Employment rate,73
Greece,Employment rate,47
Hungary,Employment rate,62
Iceland,Employment rate,75
Ireland,Employment rate,63
Italy,Employment rate,49
Japan,Employment rate,71
Korea,Employment rate,57
Luxembourg,Employment rate,64
Mexico,Employment rate,45
Netherlands,Employment rate,74
New Zealand,Employment rate,72
Norway,Employment rate,73
Poland,Employment rate,61
Portugal,Employment rate,67
Slovak Republic,Employment rate,62
Spain,Employment rate,57
Sweden,Employment rate,74
Switzerland,Employment rate,76
Türkiye,Employment rate,30
United Kingdom,Employment rate,72
United States,Employment rate,62
Brazil,Employment rate,47
Chile,Employment rate,47
Estonia,Employment rate,72
Israel,Employment rate,65
Latvia,Employment rate,70
Russia,Employment rate,65
Slovenia,Employment rate,68
South Africa,Employment rate,33
Australia,Long-term unemployment rate,1
Austria,Long-term unemployment rate,1.3
Belgium,Long-term unemployment rate,2.3
Canada,Long-term unemployment rate,0.5
Czech Republic,Long-term unemployment rate,0.6
Denmark,Long-term unemployment rate,0.9
Finland,Long-term unemployment rate,1.2
France,Long-term unemployment rate,2.9
Germany,Long-term unemployment rate,1.2
Greece,Long-term unemployment rate,10.8
Hungary,Long-term unemployment rate,1.2
Iceland,Long-term unemployment rate,0.7
Ireland,Long-term unemployment rate,1.2
Italy,Long-term unemployment rate,4.8
Japan,Long-term unemployment rate,0.8
Korea,Long-term unemployment rate,0
Luxembourg,Long-term unemployment rate,1.7
Mexico,Long-term unemployment rate,0.1
Netherlands,Long-term unemployment rate,0.9
New Zealand,Long-term unemployment rate,0.4
Norway,Long-term unemployment rate,0.9
Poland,Long-term unemployment rate,0.6
Portugal,Long-term unemployment rate,2.3
Slovak Republic,Long-term unemployment rate,3
Spain,Long-term unemployment rate,5
Sweden,Long-term unemployment rate,1
Switzerland,Long-term unemployment rate,1.7
Türkiye,Long-term unemployment rate,3.3
United Kingdom,Long-term unemployment rate,0.9
United States,Long-term unemployment rate,0.5
Estonia,Long-term unemployment rate,1.2
Israel,Long-term unemployment rate,0.2
Latvia,Long-term unemployment rate,2.2
Russia,Long-term unemployment rate,1.1
Slovenia,Long-term unemployment rate,1.9
South Africa,Long-term unemployment rate,17.9
Australia,Long-term unemployment rate,1
Austria,Long-term unemployment rate,1.5
Belgium,Long-term unemployment rate,2.5
Canada,Long-term unemployment rate,0.6
Czech Republic,Long-term unemployment rate,0.5
Denmark,Long-term unemployment rate,0.7
Finland,Long-term unemployment rate,1.3
France,Long-term unemployment rate,3
Germany,Long-term unemployment rate,1.4
Greece,Long-term unemployment rate,8.8
Hungary,Long-term unemployment rate,1.2
Iceland,Long-term unemployment rate,0.8
Ireland,Long-term unemployment rate,1.3
Italy,Long-term unemployment rate,4.4
Japan,Long-term unemployment rate,1
Korea,Long-term unemployment rate,0
Luxembourg,Long-term unemployment rate,1.6
Mexico,Long-term unemployment rate,0.1
Netherlands,Long-term unemployment rate,0.9
New Zealand,Long-term unemployment rate,0.4
Norway,Long-term unemployment rate,1
Poland,Long-term unemployment rate,0.6
Portugal,Long-term unemployment rate,2.2
Slovak Republic,Long-term unemployment rate,3
Spain,Long-term unemployment rate,4.1
Sweden,Long-term unemployment rate,1
Switzerland,Long-term unemployment rate,1.6
Türkiye,Long-term unemployment rate,2.5
United Kingdom,Long-term unemployment rate,1.1
United States,Long-term unemployment rate,0.5
Estonia,Long-term unemployment rate,1.3
Israel,Long-term unemployment rate,0.2
Latvia,Long-term unemployment rate,2.7
Russia,Long-term unemployment rate,1.1
Slovenia,Long-term unemployment rate,1.5
South Africa,Long-term unemployment rate,15.7
Australia,Long-term unemployment rate,1.1
Austria,Long-term unemployment rate,1.2
Belgium,Long-term unemployment rate,2.1
Canada,Long-term unemployment rate,0.4
Czech Republic,Long-term unemployment rate,0.6
Denmark,Long-term unemployment rate,1.2
Finland,Long-term unemployment rate,1.1
France,Long-term unemployment rate,2.9
Germany,Long-term unemployment rate,1
Greece,Long-term unemployment rate,13.4
Hungary,Long-term unemployment rate,1.1
Iceland,Long-term unemployment rate,0.5
Ireland,Long-term unemployment rate,1
Italy,Long-term unemployment rate,5.3
Japan,Long-term unemployment rate,0.5
Korea,Long-term unemployment rate,0
Luxembourg,Long-term unemployment rate,1.9
Mexico,Long-term unemployment rate,0.1
Netherlands,Long-term unemployment rate,1
New Zealand,Long-term unemployment rate,0.4
Norway,Long-term unemployment rate,0.8
Poland,Long-term unemployment rate,0.7
Portugal,Long-term unemployment rate,2.4
Slovak Republic,Long-term unemployment rate,3
Spain,Long-term unemployment rate,6.1
Sweden,Long-term unemployment rate,1
Switzerland,Long-term unemployment rate,1.8
Türkiye,Long-term unemployment rate,4.9
United Kingdom,Long-term unemployment rate,0.7
United States,Long-term unemployment rate,0.4
Estonia,Long-term unemployment rate,1
Israel,Long-term unemployment rate,0.2
Latvia,Long-term unemployment rate,1.7
Russia,Long-term unemployment rate,1.1
Slovenia,Long-term unemployment rate,2.4
South Africa,Long-term unemployment rate,20.8
Australia,Personal earnings,55206
Austria,Personal earnings,53132
Belgium,Personal earnings,54327
Canada,Personal earnings,55342
Czech Republic,Personal earnings,29885
Denmark,Personal earnings,58430
Finland,Personal earnings,46230
France,Personal earnings,45581
Germany,Personal earnings,53745
Greece,Personal earnings,27207
Hungary,Personal earnings,25409
Iceland,Personal earnings,67488
Ireland,Personal earnings,49474
Italy,Personal earnings,37769
Japan,Personal earnings,38515
Korea,Personal earnings,41960
Luxembourg,Personal earnings,65854
Mexico,Personal earnings,16230
Netherlands,Personal earnings,58828
New Zealand,Personal earnings,45269
Norway,Personal earnings,55780
Poland,Personal earnings,32527
Portugal,Personal earnings,28410
Slovak Republic,Personal earnings,23619
Spain,Personal earnings,37922
Sweden,Personal earnings,47020
Switzerland,Personal earnings,64824
United Kingdom,Personal earnings,47147
United States,Personal earnings,69392
Chile,Personal earnings,26729
Estonia,Personal earnings,30720
Israel,Personal earnings,39322
Latvia,Personal earnings,29876
Slovenia,Personal earnings,41445
Australia,Quality of support network,93
Austria,Quality of support network,92
Belgium,Quality of support network,90
Canada,Quality of support network,93
Czech Republic,Quality of support network,96
Denmark,Quality of support network,95
Finland,Quality of support network,96
France,Quality of support network,94
Germany,Quality of support network,90
Greece,Quality of support network,78
Hungary,Quality of support network,94
Iceland,Quality of support network,98
Ireland,Quality of support network,96
Italy,Quality of support network,89
Japan,Quality of support network,89
Korea,Quality of support network,80
Luxembourg,Quality of support network,91
Mexico,Quality of support network,77
Netherlands,Quality of support network,94
New Zealand,Quality of support network,95
Norway,Quality of support network,96
Poland,Quality of support network,94
Portugal,Quality of support network,87
Slovak Republic,Quality of support network,95
Spain,Quality of support network,93
Sweden,Quality of support network,94
Switzerland,Quality of support network,94
Türkiye,Quality of support network,85
United Kingdom,Quality of support network,93
United States,Quality of support network,94
Brazil,Quality of support network,83
Chile,Quality of support network,88
Estonia,Quality of support network,95
Israel,Quality of support network,95
Latvia,Quality of support network,92
Russia,Quality of support network,89
Slovenia,Quality of support network,95
South Africa,Quality of support network,89
Australia,Quality of support network,93
Austria,Quality of support network,92
Belgium,Quality of support network,92
Canada,Quality of support network,93
Czech Republic,Quality of support network,95
Denmark,Quality of support network,93
Finland,Quality of support network,94
France,Quality of support network,92
Germany,Quality of support network,91
Greece,Quality of support network,77
Hungary,Quality of support network,92
Iceland,Quality of support network,99
Ireland,Quality of support network,96
Italy,Quality of support network,92
Japan,Quality of support network,84
Korea,Quality of support network,74
Luxembourg,Quality of support network,91
Mexico,Quality of support network,77
Netherlands,Quality of support network,96
New Zealand,Quality of support network,95
Norway,Quality of support network,96
Poland,Quality of support network,93
Portugal,Quality of support network,88
Slovak Republic,Quality of support network,94
Spain,Quality of support network,93
Sweden,Quality of support network,94
Switzerland,Quality of support network,93
Türkiye,Quality of support network,82
United Kingdom,Quality of support network,89
United States,Quality of support network,93
Brazil,Quality of support network,86
Chile,Quality of support network,88
Estonia,Quality of support network,93
Israel,Quality of support network,95
Latvia,Quality of support network,89
Russia,Quality of support network,88
Slovenia,Quality of support network,95
South Africa,Quality of support network,89
Australia,Quality of support network,94
Austria,Quality of support network,93
Belgium,Quality of support network,87
Canada,Quality of support network,93
Czech Republic,Quality of support network,97
Denmark,Quality of support network,97
Finland,Quality of support network,98
France,Quality of support network,96
Germany,Quality of support network,89
Greece,Quality of support network,79
Hungary,Quality of support network,96
Iceland,Quality of support network,98
Ireland,Quality of support network,96
Italy,Quality of support network,86
Japan,Quality of support network,93
Korea,Quality of support network,86
Luxembourg,Quality of support network,91
Mexico,Quality of support network,76
Netherlands,Quality of support network,92
New Zealand,Quality of support network,95
Norway,Quality of support network,96
Poland,Quality of support network,95
Portugal,Quality of support network,86
Slovak Republic,Quality of support network,95
Spain,Quality of support network,94
Sweden,Quality of support network,93
Switzerland,Quality of support network,95
Türkiye,Quality of support network,88
United Kingdom,Quality of support network,96
United States,Quality of support network,94
Brazil,Quality of support network,80
Chile,Quality of support network,88
Estonia,Quality of support network,97
Israel,Quality of support network,96
Latvia,Quality of support network,94
Russia,Quality of support network,89
Slovenia,Quality of support network,95
South Africa,Quality of support network,89
Australia,Quality of support network,96
Austria,Quality of support network,96
Belgium,Quality of support network,94
Canada,Quality of support network,94
Czech Republic,Quality of support network,99
Denmark,Quality of support network,95
Finland,Quality of support network,100
France,Quality of support network,97
Germany,Quality of support network,91
Greece,Quality of support network,86
Hungary,Quality of support network,95
Iceland,Quality of support network,99
Ireland,Quality of support network,96
Italy,Quality of support network,90
Japan,Quality of support network,90
Korea,Quality of support network,86
Luxembourg,Quality of support network,92
Mexico,Quality of support network,86
Netherlands,Quality of support network,97
New Zealand,Quality of support network,93
Norway,Quality of support network,98
Poland,Quality of support network,98
Portugal,Quality of support network,95
Slovak Republic,Quality of support network,97
Spain,Quality of support network,97
Sweden,Quality of support network,96
Switzerland,Quality of support network,95
Türkiye,Quality of support network,93
United Kingdom,Quality of support network,93
United States,Quality of support network,96
Brazil,Quality of support network,90
Chile,Quality of support network,94
Estonia,Quality of support network,96
Israel,Quality of support network,96
Latvia,Quality of support network,97
Russia,Quality of support network,93
South Africa,Quality of support network,94
Australia,Quality of support network,93
Austria,Quality of support network,92
Belgium,Quality of support network,88
Canada,Quality of support network,93
Czech Republic,Quality of support network,96
Denmark,Quality of support network,95
Finland,Quality of support network,97
France,Quality of support network,95
Germany,Quality of support network,90
Greece,Quality of support network,77
Hungary,Quality of support network,96
Ireland,Quality of support network,97
Italy,Quality of support network,91
Japan,Quality of support network,90
Korea,Quality of support network,78
Luxembourg,Quality of support network,91
Mexico,Quality of support network,81
Netherlands,Quality of support network,93
New Zealand,Quality of support network,96
Norway,Quality of support network,94
Poland,Quality of support network,93
Portugal,Quality of support network,92
Slovak Republic,Quality of support network,95
Spain,Quality of support network,93
Sweden,Quality of support network,93
Switzerland,Quality of support network,94
Türkiye,Quality of support network,84
United Kingdom,Quality of support network,93
United States,Quality of support network,93
Brazil,Quality of support network,86
Chile,Quality of support network,88
Estonia,Quality of support network,93
Israel,Quality of support network,95
Latvia,Quality of support network,91
Russia,Quality of support network,89
Slovenia,Quality of support network,95
South Africa,Quality of support network,90
Australia,Educational attainment,84
Austria,Educational attainment,86
Belgium,Educational attainment,80
Canada,Educational attainment,92
Czech Republic,Educational attainment,94
Denmark,Educational attainment,82
Finland,Educational attainment,91
France,Educational attainment,81
Germany,Educational attainment,86
Greece,Educational attainment,76
Hungary,Educational attainment,86
Iceland,Educational attainment,76
Ireland,Educational attainment,85
Italy,Educational attainment,63
Korea,Educational attainment,89
Luxembourg,Educational attainment,74
Mexico,Educational attainment,42
Netherlands,Educational attainment,81
New Zealand,Educational attainment,81
Norway,Educational attainment,82
Poland,Educational attainment,93
Portugal,Educational attainment,55
Slovak Republic,Educational attainment,92
Spain,Educational attainment,63
Sweden,Educational attainment,84
Switzerland,Educational attainment,89
Türkiye,Educational attainment,42
United Kingdom,Educational attainment,82
United States,Educational attainment,92
Brazil,Educational attainment,57
Chile,Educational attainment,67
Estonia,Educational attainment,91
Israel,Educational attainment,88
Latvia,Educational attainment,89
Russia,Educational attainment,95
Slovenia,Educational attainment,90
South Africa,Educational attainment,48
Australia,Educational attainment,84
Austria,Educational attainment,88
Belgium,Educational attainment,78
Canada,Educational attainment,91
Czech Republic,Educational attainment,95
Denmark,Educational attainment,80
Finland,Educational attainment,89
France,Educational attainment,81
Germany,Educational attainment,87
Greece,Educational attainment,75
Hungary,Educational attainment,87
Iceland,Educational attainment,74
Ireland,Educational attainment,83
Italy,Educational attainment,61
Korea,Educational attainment,92
Luxembourg,Educational attainment,74
Mexico,Educational attainment,42
Netherlands,Educational attainment,81
New Zealand,Educational attainment,80
Norway,Educational attainment,82
Poland,Educational attainment,93
Portugal,Educational attainment,52
Slovak Republic,Educational attainment,93
Spain,Educational attainment,60
Sweden,Educational attainment,83
Switzerland,Educational attainment,90
Türkiye,Educational attainment,45
United Kingdom,Educational attainment,81
United States,Educational attainment,91
Brazil,Educational attainment,53
Chile,Educational attainment,67
Estonia,Educational attainment,87
Israel,Educational attainment,87
Latvia,Educational attainment,86
Russia,Educational attainment,94
Slovenia,Educational attainment,91
South Africa,Educational attainment,48
Australia,Educational attainment,84
Austria,Educational attainment,83
Belgium,Educational attainment,81
Canada,Educational attainment,94
Czech Republic,Educational attainment,93
Denmark,Educational attainment,83
Finland,Educational attainment,94
France,Educational attainment,82
Germany,Educational attainment,86
Greece,Educational attainment,78
Hungary,Educational attainment,84
Iceland,Educational attainment,78
Ireland,Educational attainment,88
Italy,Educational attainment,65
Korea,Educational attainment,87
Luxembourg,Educational attainment,74
Mexico,Educational attainment,41
Netherlands,Educational attainment,81
New Zealand,Educational attainment,82
Norway,Educational attainment,83
Poland,Educational attainment,94
Portugal,Educational attainment,59
Slovak Republic,Educational attainment,92
Spain,Educational attainment,66
Sweden,Educational attainment,85
Switzerland,Educational attainment,88
Türkiye,Educational attainment,38
United Kingdom,Educational attainment,83
United States,Educational attainment,92
Brazil,Educational attainment,60
Chile,Educational attainment,68
Estonia,Educational attainment,94
Israel,Educational attainment,89
Latvia,Educational attainment,93
Russia,Educational attainment,96
Slovenia,Educational attainment,89
South Africa,Educational attainment,48
Australia,Student skills,499
Austria,Student skills,491
Belgium,Student skills,500
Canada,Student skills,517
Czech Republic,Student skills,495
Denmark,Student skills,501
Finland,Student skills,516
France,Student skills,494
Germany,Student skills,500
Greece,Student skills,453
Hungary,Student skills,479
Iceland,Student skills,481
Ireland,Student skills,505
Italy,Student skills,477
Japan,Student skills,520
Korea,Student skills,520
Luxembourg,Student skills,477
Mexico,Student skills,416
Netherlands,Student skills,502
New Zealand,Student skills,503
Norway,Student skills,497
Poland,Student skills,513
Portugal,Student skills,492
Slovak Republic,Student skills,469
Sweden,Student skills,503
Switzerland,Student skills,498
Türkiye,Student skills,462
United Kingdom,Student skills,503
United States,Student skills,495
Brazil,Student skills,400
Chile,Student skills,438
Estonia,Student skills,526
Israel,Student skills,465
Latvia,Student skills,487
Russia,Student skills,481
Slovenia,Student skills,504
Australia,Student skills,495
Austria,Student skills,489
Belgium,Student skills,499
Canada,Student skills,512
Czech Republic,Student skills,490
Denmark,Student skills,496
Finland,Student skills,503
France,Student skills,490
Germany,Student skills,497
Greece,Student skills,445
Hungary,Student skills,477
Iceland,Student skills,472
Ireland,Student skills,501
Italy,Student skills,476
Japan,Student skills,519
Korea,Student skills,517
Luxembourg,Student skills,472
Mexico,Student skills,418
Netherlands,Student skills,497
New Zealand,Student skills,500
Norway,Student skills,486
Poland,Student skills,508
Portugal,Student skills,490
Slovak Republic,Student skills,463
Sweden,Student skills,495
Switzerland,Student skills,494
Türkiye,Student skills,458
United Kingdom,Student skills,503
United States,Student skills,493
Brazil,Student skills,397
Chile,Student skills,436
Estonia,Student skills,521
Israel,Student skills,452
Latvia,Student skills,482
Russia,Student skills,478
Slovenia,Student skills,495
Australia,Student skills,503
Austria,Student skills,493
Belgium,Student skills,501
Canada,Student skills,521
Czech Republic,Student skills,501
Denmark,Student skills,506
Finland,Student skills,530
France,Student skills,497
Germany,Student skills,504
Greece,Student skills,462
Hungary,Student skills,481
Iceland,Student skills,491
Ireland,Student skills,508
Italy,Student skills,478
Japan,Student skills,521
Korea,Student skills,522
Luxembourg,Student skills,481
Mexico,Student skills,415
Netherlands,Student skills,508
New Zealand,Student skills,506
Norway,Student skills,508
Poland,Student skills,518
Portugal,Student skills,494
Slovak Republic,Student skills,475
Sweden,Student skills,510
Switzerland,Student skills,502
Türkiye,Student skills,467
United Kingdom,Student skills,504
United States,Student skills,498
Brazil,Student skills,403
Chile,Student skills,439
Estonia,Student skills,530
Israel,Student skills,477
Latvia,Student skills,493
Russia,Student skills,485
Slovenia,Student skills,512
Australia,Student skills,549
Austria,Student skills,533
Belgium,Student skills,550
Canada,Student skills,553
Czech Republic,Student skills,544
Denmark,Student skills,540
Finland,Student skills,562
France,Student skills,550
Germany,Student skills,564
Greece,Student skills,502
Hungary,Student skills,534
Iceland,Student skills,510
Ireland,Student skills,557
Italy,Student skills,511
Japan,Student skills,537
Korea,Student skills,552
Luxembourg,Student skills,537
Mexico,Student skills,464
Netherlands,Student skills,536
New Zealand,Student skills,558
Norway,Student skills,532
Poland,Student skills,560
Portugal,Student skills,543
Slovak Republic,Student skills,511
Sweden,Student skills,549
Switzerland,Student skills,539
Türkiye,Student skills,513
United Kingdom,Student skills,550
United States,Student skills,558
Brazil,Student skills,470
Chile,Student skills,502
Estonia,Student skills,558
Israel,Student skills,529
Latvia,Student skills,512
Russia,Student skills,510
Slovenia,Student skills,541
Australia,Student skills,460
Austria,Student skills,440
Belgium,Student skills,440
Canada,Student skills,485
Czech Republic,Student skills,439
Denmark,Student skills,462
Finland,Student skills,483
France,Student skills,443
Germany,Student skills,450
Greece,Student skills,417
Hungary,Student skills,420
Iceland,Student skills,437
Ireland,Student skills,482
Italy,Student skills,436
Japan,Student skills,465
Korea,Student skills,477
Luxembourg,Student skills,415
Mexico,Student skills,382
Netherlands,Student skills,448
New Zealand,Student skills,462
Norway,Student skills,459
Poland,Student skills,469
Portugal,Student skills,448
Slovak Republic,Student skills,404
Sweden,Student skills,460
Switzerland,Student skills,435
Türkiye,Student skills,437
United Kingdom,Student skills,471
United States,Student skills,460
Brazil,Student skills,373
Chile,Student skills,415
Estonia,Student skills,497
Israel,Student skills,407
Latvia,Student skills,447
Russia,Student skills,443
Slovenia,Student skills,462
Australia,Years in education,20
Austria,Years in education,17
Belgium,Years in education,19
Canada,Years in education,17
Czech Republic,Years in education,18
Denmark,Years in education,19
Finland,Years in education,20
France,Years in education,17
Germany,Years in education,18
Greece,Years in education,19
Hungary,Years in education,16
Iceland,Years in education,19
Ireland,Years in education,18
Italy,Years in education,17
Japan,Years in education,16
Korea,Years in education,17
Luxembourg,Years in education,15
Mexico,Years in education,15
Netherlands,Years in education,19
New Zealand,Years in education,18
Norway,Years in education,18
Poland,Years in education,18
Portugal,Years in education,17
Slovak Republic,Years in education,16
Spain,Years in education,18
Sweden,Years in education,20
Switzerland,Years in education,17
Türkiye,Years in education,19
United Kingdom,Years in education,17
United States,Years in education,17
Brazil,Years in education,16
Chile,Years in education,17
Estonia,Years in education,18
Israel,Years in education,16
Latvia,Years in education,18
Russia,Years in education,16
Slovenia,Years in education,18
Australia,Years in education,20
Austria,Years in education,17
Belgium,Years in education,19
Canada,Years in education,17
Czech Republic,Years in education,17
Denmark,Years in education,19
Finland,Years in education,19
France,Years in education,16
Germany,Years in education,18
Greece,Years in education,19
Hungary,Years in education,16
Iceland,Years in education,18
Ireland,Years in education,18
Italy,Years in education,16
Japan,Years in education,16
Korea,Years in education,18
Luxembourg,Years in education,15
Mexico,Years in education,15
Netherlands,Years in education,19
New Zealand,Years in education,17
Norway,Years in education,18
Poland,Years in education,17
Portugal,Years in education,17
Slovak Republic,Years in education,15
Spain,Years in education,18
Sweden,Years in education,19
Switzerland,Years in education,18
Türkiye,Years in education,19
United Kingdom,Years in education,16
United States,Years in education,17
Brazil,Years in education,16
Chile,Years in education,17
Estonia,Years in education,17
Israel,Years in education,15
Latvia,Years in education,18
Russia,Years in education,16
Slovenia,Years in education,18
Australia,Years in education,21
Austria,Years in education,17
Belgium,Years in education,20
Canada,Years in education,17
Czech Republic,Years in education,18
Denmark,Years in education,20
Finland,Years in education,20
France,Years in education,17
Germany,Years in education,18
Greece,Years in education,19
Hungary,Years in education,17
Iceland,Years in education,20
Ireland,Years in education,18
Italy,Years in education,17
Japan,Years in education,16
Korea,Years in education,17
Luxembourg,Years in education,15
Mexico,Years in education,16
Netherlands,Years in education,19
New Zealand,Years in education,18
Norway,Years in education,19
Poland,Years in education,18
Portugal,Years in education,17
Slovak Republic,Years in education,16
Spain,Years in education,18
Sweden,Years in education,20
Switzerland,Years in education,17
Türkiye,Years in education,18
United Kingdom,Years in education,17
United States,Years in education,18
Brazil,Years in education,16
Chile,Years in education,18
Estonia,Years in education,18
Israel,Years in education,16
Latvia,Years in education,19
Russia,Years in education,17
Slovenia,Years in education,19
Australia,Air pollution,6.7
Austria,Air pollution,12.2
Belgium,Air pollution,12.8
Canada,Air pollution,7.1
Czech Republic,Air pollution,17
Denmark,Air pollution,10
Finland,Air pollution,5.5
France,Air pollution,11.4
Germany,Air pollution,12
Greece,Air pollution,14.5
Hungary,Air pollution,16.7
Iceland,Air pollution,6.4
Ireland,Air pollution,7.8
Italy,Air pollution,15.9
Japan,Air pollution,13.7
Korea,Air pollution,27.3
Luxembourg,Air pollution,10
Mexico,Air pollution,20.3
Netherlands,Air pollution,12.2
New Zealand,Air pollution,6
Norway,Air pollution,6.7
Poland,Air pollution,22.8
Portugal,Air pollution,8.3
Slovak Republic,Air pollution,18.5
Spain,Air pollution,10
Sweden,Air pollution,5.8
Switzerland,Air pollution,10.1
Türkiye,Air pollution,27.1
United Kingdom,Air pollution,10.1
United States,Air pollution,7.7
Brazil,Air pollution,11.7
Chile,Air pollution,23.4
Estonia,Air pollution,5.9
Israel,Air pollution,19.7
Latvia,Air pollution,12.7
Russia,Air pollution,11.8
Slovenia,Air pollution,17
South Africa,Air pollution,28.5
Australia,Water quality,92
Austria,Water quality,92
Belgium,Water quality,79
Canada,Water quality,90
Czech Republic,Water quality,89
Denmark,Water quality,93
Finland,Water quality,97
France,Water quality,78
Germany,Water quality,91
Greece,Water quality,67
Hungary,Water quality,81
Iceland,Water quality,97
Ireland,Water quality,80
Italy,Water quality,77
Japan,Water quality,87
Korea,Water quality,82
Luxembourg,Water quality,85
Mexico,Water quality,75
Netherlands,Water quality,91
New Zealand,Water quality,85
Norway,Water quality,98
Poland,Water quality,82
Portugal,Water quality,89
Slovak Republic,Water quality,81
Spain,Water quality,76
Sweden,Water quality,97
Switzerland,Water quality,96
Türkiye,Water quality,62
United Kingdom,Water quality,82
United States,Water quality,88
Brazil,Water quality,70
Chile,Water quality,62
Estonia,Water quality,86
Israel,Water quality,77
Latvia,Water quality,83
Russia,Water quality,62
Slovenia,Water quality,93
South Africa,Water quality,72
Australia,Water quality,93
Austria,Water quality,91
Belgium,Water quality,81
Canada,Water quality,94
Czech Republic,Water quality,93
Denmark,Water quality,93
Finland,Water quality,96
France,Water quality,78
Germany,Water quality,90
Greece,Water quality,69
Hungary,Water quality,83
Iceland,Water quality,98
Ireland,Water quality,79
Italy,Water quality,73
Japan,Water quality,89
Korea,Water quality,80
Luxembourg,Water quality,85
Mexico,Water quality,78
Netherlands,Water quality,95
New Zealand,Water quality,85
Norway,Water quality,98
Poland,Water quality,83
Portugal,Water quality,91
Slovak Republic,Water quality,83
Spain,Water quality,75
Sweden,Water quality,98
Switzerland,Water quality,96
Türkiye,Water quality,64
United Kingdom,Water quality,80
United States,Water quality,90
Brazil,Water quality,70
Chile,Water quality,64
Estonia,Water quality,86
Israel,Water quality,74
Latvia,Water quality,84
Russia,Water quality,64
Slovenia,Water quality,95
South Africa,Water quality,71
Australia,Water quality,91
Austria,Water quality,92
Belgium,Water quality,77
Canada,Water quality,87
Czech Republic,Water quality,86
Denmark,Water quality,92
Finland,Water quality,97
France,Water quality,79
Germany,Water quality,92
Greece,Water quality,66
Hungary,Water quality,79
Iceland,Water quality,96
Ireland,Water quality,81
Italy,Water quality,82
Japan,Water quality,85
Korea,Water quality,84
Luxembourg,Water quality,85
Mexico,Water quality,72
Netherlands,Water quality,88
New Zealand,Water quality,84
Norway,Water quality,98
Poland,Water quality,82
Portugal,Water quality,88
Slovak Republic,Water quality,80
Spain,Water quality,77
Sweden,Water quality,97
Switzerland,Water quality,95
Türkiye,Water quality,60
United Kingdom,Water quality,84
United States,Water quality,86
Brazil,Water quality,71
Chile,Water quality,60
Estonia,Water quality,86
Israel,Water quality,79
Latvia,Water quality,83
Russia,Water quality,59
Slovenia,Water quality,90
South Africa,Water quality,73
Australia,Voter turnout,92
Austria,Voter turnout,76
Belgium,Voter turnout,88
Canada,Voter turnout,68
Czech Republic,Voter turnout,62
Denmark,Voter turnout,85
Finland,Voter turnout,69
France,Voter turnout,75
Germany,Voter turnout,76
Greece,Voter turnout,58
Hungary,Voter turnout,70
Iceland,Voter turnout,81
Ireland,Voter turnout,63
Italy,Voter turnout,73
Japan,Voter turnout,53
Korea,Voter turnout,77
Luxembourg,Voter turnout,90
Mexico,Voter turnout,63
Netherlands,Voter turnout,79
New Zealand,Voter turnout,82
Norway,Voter turnout,78
Poland,Voter turnout,68
Portugal,Voter turnout,49
Slovak Republic,Voter turnout,66
Spain,Voter turnout,72
Sweden,Voter turnout,87
Switzerland,Voter turnout,45
Türkiye,Voter turnout,86
United Kingdom,Voter turnout,68
United States,Voter turnout,65
Brazil,Voter turnout,80
Chile,Voter turnout,47
Estonia,Voter turnout,64
Israel,Voter turnout,67
Latvia,Voter turnout,55
Russia,Voter turnout,68
Slovenia,Voter turnout,53
South Africa,Voter turnout,66
Australia,Life expectancy,83
Austria,Life expectancy,82
Belgium,Life expectancy,82.1
Canada,Life expectancy,82.1
Czech Republic,Life expectancy,79.3
Denmark,Life expectancy,81.5
Finland,Life expectancy,82.1
France,Life expectancy,82.9
Germany,Life expectancy,81.4
Greece,Life expectancy,81.7
Hungary,Life expectancy,76.4
Iceland,Life expectancy,83.2
Ireland,Life expectancy,82.8
Italy,Life expectancy,83.6
Japan,Life expectancy,84.4
Korea,Life expectancy,83.3
Luxembourg,Life expectancy,82.7
Mexico,Life expectancy,75.1
Netherlands,Life expectancy,82.2
New Zealand,Life expectancy,82.1
Norway,Life expectancy,83
Poland,Life expectancy,78
Portugal,Life expectancy,81.8
Slovak Republic,Life expectancy,77.8
Spain,Life expectancy,83.9
Sweden,Life expectancy,83.2
Switzerland,Life expectancy,84
Türkiye,Life expectancy,78.6
United Kingdom,Life expectancy,81.3
United States,Life expectancy,78.9
Brazil,Life expectancy,75.9
Chile,Life expectancy,80.6
Estonia,Life expectancy,78.8
Israel,Life expectancy,82.9
Latvia,Life expectancy,75.5
Russia,Life expectancy,73.2
Slovenia,Life expectancy,81.6
South Africa,Life expectancy,64.2
Australia,Life expectancy,80.9
Austria,Life expectancy,79.7
Belgium,Life expectancy,79.8
Canada,Life expectancy,80
Czech Republic,Life expectancy,76.4
Denmark,Life expectancy,79.5
Finland,Life expectancy,79.3
France,Life expectancy,79.9
Germany,Life expectancy,79
Greece,Life expectancy,79.2
Hungary,Life expectancy,73.1
Iceland,Life expectancy,81.7
Ireland,Life expectancy,80.8
Italy,Life expectancy,81.4
Japan,Life expectancy,81.4
Korea,Life expectancy,80.3
Luxembourg,Life expectancy,80.2
Mexico,Life expectancy,72.2
Netherlands,Life expectancy,80.6
New Zealand,Life expectancy,80.3
Norway,Life expectancy,81.3
Poland,Life expectancy,74.1
Portugal,Life expectancy,78.7
Slovak Republic,Life expectancy,74.3
Spain,Life expectancy,81.1
Sweden,Life expectancy,81.5
Switzerland,Life expectancy,82.1
Türkiye,Life expectancy,75.9
United Kingdom,Life expectancy,79.4
United States,Life expectancy,76.3
Brazil,Life expectancy,72.2
Chile,Life expectancy,77.9
Estonia,Life expectancy,74.5
Israel,Life expectancy,81
Latvia,Life expectancy,70.9
Russia,Life expectancy,68.2
Slovenia,Life expectancy,78.7
South Africa,Life expectancy,60.7
Australia,Life expectancy,85
Austria,Life expectancy,84.2
Belgium,Life expectancy,84.3
Canada,Life expectancy,84.2
Czech Republic,Life expectancy,82.2
Denmark,Life expectancy,83.5
Finland,Life expectancy,84.8
France,Life expectancy,85.9
Germany,Life expectancy,83.7
Greece,Life expectancy,84.2
Hungary,Life expectancy,79.7
Iceland,Life expectancy,84.7
Ireland,Life expectancy,84.7
Italy,Life expectancy,85.7
Japan,Life expectancy,87.5
Korea,Life expectancy,86.3
Luxembourg,Life expectancy,85.2
Mexico,Life expectancy,78
Netherlands,Life expectancy,83.7
New Zealand,Life expectancy,83.9
Norway,Life expectancy,84.7
Poland,Life expectancy,81.9
Portugal,Life expectancy,84.8
Slovak Republic,Life expectancy,81.2
Spain,Life expectancy,86.7
Sweden,Life expectancy,84.8
Switzerland,Life expectancy,85.8
Türkiye,Life expectancy,81.3
United Kingdom,Life expectancy,83.1
United States,Life expectancy,81.4
Brazil,Life expectancy,79.6
Chile,Life expectancy,83.4
Estonia,Life expectancy,83
Israel,Life expectancy,84.8
Latvia,Life expectancy,80.1
Russia,Life expectancy,78.2
Slovenia,Life expectancy,84.5
South Africa,Life expectancy,67.7
Australia,Self-reported health,85
Austria,Self-reported health,71
Belgium,Self-reported health,74
Canada,Self-reported health,89
Czech Republic,Self-reported health,62
Denmark,Self-reported health,70
Finland,Self-reported health,68
France,Self-reported health,67
Germany,Self-reported health,66
Greece,Self-reported health,79
Hungary,Self-reported health,58
Iceland,Self-reported health,77
Ireland,Self-reported health,84
Italy,Self-reported health,73
Japan,Self-reported health,37
Korea,Self-reported health,34
Luxembourg,Self-reported health,72
Mexico,Self-reported health,66
Netherlands,Self-reported health,75
New Zealand,Self-reported health,86
Norway,Self-reported health,75
Poland,Self-reported health,60
Portugal,Self-reported health,50
Slovak Republic,Self-reported health,65
Spain,Self-reported health,75
Sweden,Self-reported health,76
Switzerland,Self-reported health,81
Türkiye,Self-reported health,67
United Kingdom,Self-reported health,73
United States,Self-reported health,88
Chile,Self-reported health,60
Estonia,Self-reported health,57
Israel,Self-reported health,74
Latvia,Self-reported health,47
Russia,Self-reported health,43
Slovenia,Self-reported health,67
Australia,Self-reported health,85
Austria,Self-reported health,72
Belgium,Self-reported health,76
Canada,Self-reported health,90
Czech Republic,Self-reported health,64
Denmark,Self-reported health,72
Finland,Self-reported health,69
France,Self-reported health,69
Germany,Self-reported health,66
Greece,Self-reported health,81
Hungary,Self-reported health,62
Iceland,Self-reported health,81
Ireland,Self-reported health,84
Italy,Self-reported health,76
Japan,Self-reported health,38
Korea,Self-reported health,38
Luxembourg,Self-reported health,73
Mexico,Self-reported health,67
Netherlands,Self-reported health,77
New Zealand,Self-reported health,87
Norway,Self-reported health,76
Poland,Self-reported health,63
Portugal,Self-reported health,55
Slovak Republic,Self-reported health,69
Spain,Self-reported health,78
Sweden,Self-reported health,79
Switzerland,Self-reported health,83
Türkiye,Self-reported health,72
United Kingdom,Self-reported health,74
United States,Self-reported health,88
Chile,Self-reported health,64
Estonia,Self-reported health,59
Israel,Self-reported health,75
Latvia,Self-reported health,53
Russia,Self-reported health,49
Slovenia,Self-reported health,70
Australia,Self-reported health,86
Austria,Self-reported health,71
Belgium,Self-reported health,72
Canada,Self-reported health,88
Czech Republic,Self-reported health,61
Denmark,Self-reported health,67
Finland,Self-reported health,68
France,Self-reported health,65
Germany,Self-reported health,65
Greece,Self-reported health,77
Hungary,Self-reported health,55
Iceland,Self-reported health,72
Ireland,Self-reported health,84
Italy,Self-reported health,70
Japan,Self-reported health,35
Korea,Self-reported health,30
Luxembourg,Self-reported health,70
Mexico,Self-reported health,64
Netherlands,Self-reported health,73
New Zealand,Self-reported health,85
Norway,Self-reported health,73
Poland,Self-reported health,57
Portugal,Self-reported health,45
Slovak Republic,Self-reported health,61
Spain,Self-reported health,73
Sweden,Self-reported health,73
Switzerland,Self-reported health,79
Türkiye,Self-reported health,62
United Kingdom,Self-reported health,72
United States,Self-reported health,87
Chile,Self-reported health,56
Estonia,Self-reported health,54
Israel,Self-reported health,72
Latvia,Self-reported health,43
Russia,Self-reported health,38
Slovenia,Self-reported health,64
Australia,Self-reported health,93
Austria,Self-reported health,83
Belgium,Self-reported health,87
Canada,Self-reported health,93
Czech Republic,Self-reported health,84
Denmark,Self-reported health,82
Finland,Self-reported health,82
France,Self-reported health,72
Germany,Self-reported health,80
Greece,Self-reported health,87
Hungary,Self-reported health,72
Iceland,Self-reported health,86
Ireland,Self-reported health,93
Italy,Self-reported health,80
Japan,Self-reported health,42
Korea,Self-reported health,40
Luxembourg,Self-reported health,76
Netherlands,Self-reported health,86
New Zealand,Self-reported health,92
Norway,Self-reported health,83
Poland,Self-reported health,74
Portugal,Self-reported health,63
Slovak Republic,Self-reported health,78
Spain,Self-reported health,84
Sweden,Self-reported health,87
Switzerland,Self-reported health,89
Türkiye,Self-reported health,74
United Kingdom,Self-reported health,84
United States,Self-reported health,95
Chile,Self-reported health,72
Estonia,Self-reported health,78
Israel,Self-reported health,89
Latvia,Self-reported health,69
Slovenia,Self-reported health,79
Australia,Self-reported health,84
Austria,Self-reported health,61
Belgium,Self-reported health,57
Canada,Self-reported health,81
Czech Republic,Self-reported health,40
Denmark,Self-reported health,62
Finland,Self-reported health,54
France,Self-reported health,58
Germany,Self-reported health,49
Greece,Self-reported health,78
Hungary,Self-reported health,47
Iceland,Self-reported health,66
Ireland,Self-reported health,72
Italy,Self-reported health,71
Japan,Self-reported health,29
Korea,Self-reported health,26
Luxembourg,Self-reported health,65
Netherlands,Self-reported health,60
New Zealand,Self-reported health,82
Norway,Self-reported health,67
Poland,Self-reported health,49
Portugal,Self-reported health,38
Slovak Republic,Self-reported health,57
Spain,Self-reported health,71
Sweden,Self-reported health,65
Switzerland,Self-reported health,71
Türkiye,Self-reported health,64
United Kingdom,Self-reported health,62
United States,Self-reported health,71
Chile,Self-reported health,52
Estonia,Self-reported health,33
Israel,Self-reported health,79
Latvia,Self-reported health,25
Slovenia,Self-reported health,49
Australia,Life satisfaction,7.1
Austria,Life satisfaction,7.2
Belgium,Life satisfaction,6.8
Canada,Life satisfaction,7
Czech Republic,Life satisfaction,6.9
Denmark,Life satisfaction,7.5
Finland,Life satisfaction,7.9
France,Life satisfaction,6.7
Germany,Life satisfaction,7.3
Greece,Life satisfaction,5.8
Hungary,Life satisfaction,6
Iceland,Life satisfaction,7.6
Ireland,Life satisfaction,7
Italy,Life satisfaction,6.5
Japan,Life satisfaction,6.1
Korea,Life satisfaction,5.8
Luxembourg,Life satisfaction,7.4
Mexico,Life satisfaction,6
Netherlands,Life satisfaction,7.5
New Zealand,Life satisfaction,7.3
Norway,Life satisfaction,7.3
Poland,Life satisfaction,6.1
Portugal,Life satisfaction,5.8
Slovak Republic,Life satisfaction,6.5
Spain,Life satisfaction,6.5
Sweden,Life satisfaction,7.3
Switzerland,Life satisfaction,7.5
Türkiye,Life satisfaction,4.9
United Kingdom,Life satisfaction,6.8
United States,Life satisfaction,7
Brazil,Life satisfaction,6.1
Chile,Life satisfaction,6.2
Estonia,Life satisfaction,6.5
Israel,Life satisfaction,7.2
Latvia,Life satisfaction,6.2
Russia,Life satisfaction,5.5
Slovenia,Life satisfaction,6.5
South Africa,Life satisfaction,4.9
Australia,Life satisfaction,7.1
Austria,Life satisfaction,7.1
Belgium,Life satisfaction,6.9
Canada,Life satisfaction,7
Czech Republic,Life satisfaction,6.9
Denmark,Life satisfaction,7.4
Finland,Life satisfaction,7.7
France,Life satisfaction,6.8
Germany,Life satisfaction,7.4
Greece,Life satisfaction,6
Hungary,Life satisfaction,6.3
Iceland,Life satisfaction,7.4
Ireland,Life satisfaction,6.9
Italy,Life satisfaction,6.4
Japan,Life satisfaction,5.9
Korea,Life satisfaction,5.4
Luxembourg,Life satisfaction,7.4
Mexico,Life satisfaction,6.3
Netherlands,Life satisfaction,7.6
New Zealand,Life satisfaction,7.1
Norway,Life satisfaction,7.3
Poland,Life satisfaction,6.3
Portugal,Life satisfaction,6
Slovak Republic,Life satisfaction,6.5
Spain,Life satisfaction,6.4
Sweden,Life satisfaction,7.3
Switzerland,Life satisfaction,7.5
Türkiye,Life satisfaction,4.3
United Kingdom,Life satisfaction,6.7
United States,Life satisfaction,7
Brazil,Life satisfaction,6.2
Chile,Life satisfaction,6.2
Estonia,Life satisfaction,6.3
Israel,Life satisfaction,7.2
Latvia,Life satisfaction,6.3
Russia,Life satisfaction,5.3
Slovenia,Life satisfaction,6.5
South Africa,Life satisfaction,4.9
Australia,Life satisfaction,7.2
Austria,Life satisfaction,7.3
Belgium,Life satisfaction,6.8
Canada,Life satisfaction,7
Czech Republic,Life satisfaction,6.9
Denmark,Life satisfaction,7.6
Finland,Life satisfaction,8.1
France,Life satisfaction,6.7
Germany,Life satisfaction,7.3
Greece,Life satisfaction,5.6
Hungary,Life satisfaction,5.8
Iceland,Life satisfaction,7.7
Ireland,Life satisfaction,7.2
Italy,Life satisfaction,6.5
Japan,Life satisfaction,6.3
Korea,Life satisfaction,6.2
Luxembourg,Life satisfaction,7.4
Mexico,Life satisfaction,5.6
Netherlands,Life satisfaction,7.4
New Zealand,Life satisfaction,7.4
Norway,Life satisfaction,7.3
Poland,Life satisfaction,6
Portugal,Life satisfaction,5.6
Slovak Republic,Life satisfaction,6.6
Spain,Life satisfaction,6.6
Sweden,Life satisfaction,7.3
Switzerland,Life satisfaction,7.5
Türkiye,Life satisfaction,5.4
United Kingdom,Life satisfaction,6.9
United States,Life satisfaction,7.1
Brazil,Life satisfaction,6
Chile,Life satisfaction,6.1
Estonia,Life satisfaction,6.6
Israel,Life satisfaction,7.2
Latvia,Life satisfaction,6.2
Russia,Life satisfaction,5.6
Slovenia,Life satisfaction,6.4
South Africa,Life satisfaction,5
Australia,Life satisfaction,7.4
Austria,Life satisfaction,7.6
Belgium,Life satisfaction,7.2
Canada,Life satisfaction,7.3
Czech Republic,Life satisfaction,7.6
Denmark,Life satisfaction,7.6
Finland,Life satisfaction,8.5
France,Life satisfaction,7
Germany,Life satisfaction,7.8
Greece,Life satisfaction,6.5
Hungary,Life satisfaction,6.9
Iceland,Life satisfaction,7.8
Ireland,Life satisfaction,7.3
Italy,Life satisfaction,7.1
Japan,Life satisfaction,6.5
Korea,Life satisfaction,6.3
Luxembourg,Life satisfaction,7.8
Mexico,Life satisfaction,7
Netherlands,Life satisfaction,7.8
New Zealand,Life satisfaction,7.3
Norway,Life satisfaction,7.4
Poland,Life satisfaction,6.6
Portugal,Life satisfaction,6.7
Slovak Republic,Life satisfaction,6.9
Spain,Life satisfaction,7.1
Sweden,Life satisfaction,7.6
Switzerland,Life satisfaction,7.6
Türkiye,Life satisfaction,5.8
United Kingdom,Life satisfaction,7.2
United States,Life satisfaction,7.5
Brazil,Life satisfaction,6.9
Chile,Life satisfaction,6.9
Estonia,Life satisfaction,7
Israel,Life satisfaction,7.5
Latvia,Life satisfaction,6.6
Russia,Life satisfaction,5.9
South Africa,Life satisfaction,5.6
Australia,Life satisfaction,7
Austria,Life satisfaction,7.2
Belgium,Life satisfaction,6.7
Canada,Life satisfaction,6.9
Czech Republic,Life satisfaction,6.9
Denmark,Life satisfaction,7.5
Finland,Life satisfaction,7.9
France,Life satisfaction,6.7
Germany,Life satisfaction,7.2
Greece,Life satisfaction,5.7
Hungary,Life satisfaction,6
Ireland,Life satisfaction,7
Italy,Life satisfaction,6.7
Japan,Life satisfaction,6.1
Korea,Life satisfaction,5.5
Luxembourg,Life satisfaction,7.3
Mexico,Life satisfaction,6.2
Netherlands,Life satisfaction,7.4
New Zealand,Life satisfaction,7.2
Norway,Life satisfaction,7.2
Poland,Life satisfaction,6
Portugal,Life satisfaction,6
Slovak Republic,Life satisfaction,6.4
Spain,Life satisfaction,6.7
Sweden,Life satisfaction,7.2
Switzerland,Life satisfaction,7.4
Türkiye,Life satisfaction,4.8
United Kingdom,Life satisfaction,6.7
United States,Life satisfaction,6.9
Brazil,Life satisfaction,6.4
Chile,Life satisfaction,6.1
Estonia,Life satisfaction,6.1
Israel,Life satisfaction,7.2
Latvia,Life satisfaction,6
Russia,Life satisfaction,5.3
Slovenia,Life satisfaction,6.5
South Africa,Life satisfaction,4.9
Australia,Homicide rate,0.9
Austria,Homicide rate,0.5
Belgium,Homicide rate,1.1
Canada,Homicide rate,1.2
Czech Republic,Homicide rate,0.7
Denmark,Homicide rate,0.5
Finland,Homicide rate,1.2
France,Homicide rate,0.4
Germany,Homicide rate,0.4
Greece,Homicide rate,1
Hungary,Homicide rate,0.9
Iceland,Homicide rate,0.3
Ireland,Homicide rate,0.5
Italy,Homicide rate,0.5
Japan,Homicide rate,0.2
Korea,Homicide rate,0.8
Luxembourg,Homicide rate,0.2
Mexico,Homicide rate,26.8
Netherlands,Homicide rate,0.6
New Zealand,Homicide rate,1.3
Norway,Homicide rate,0.6
Poland,Homicide rate,0.5
Portugal,Homicide rate,0.7
Slovak Republic,Homicide rate,0.8
Spain,Homicide rate,0.7
Sweden,Homicide rate,1.1
Switzerland,Homicide rate,0.3
Türkiye,Homicide rate,1
United Kingdom,Homicide rate,0.2
United States,Homicide rate,6
Brazil,Homicide rate,19
Chile,Homicide rate,2.4
Estonia,Homicide rate,1.9
Israel,Homicide rate,1.5
Latvia,Homicide rate,3.7
Russia,Homicide rate,4.8
Slovenia,Homicide rate,0.4
South Africa,Homicide rate,13.7
Australia,Homicide rate,1.3
Austria,Homicide rate,0.5
Belgium,Homicide rate,1.4
Canada,Homicide rate,1.8
Czech Republic,Homicide rate,0.8
Denmark,Homicide rate,0.7
Finland,Homicide rate,1.8
France,Homicide rate,0.6
Germany,Homicide rate,0.4
Greece,Homicide rate,1.6
Hungary,Homicide rate,1.1
Iceland,Homicide rate,0.5
Ireland,Homicide rate,0.8
Italy,Homicide rate,0.7
Japan,Homicide rate,0.2
Korea,Homicide rate,0.9
Luxembourg,Homicide rate,0.3
Mexico,Homicide rate,50.5
Netherlands,Homicide rate,0.8
New Zealand,Homicide rate,1.6
Norway,Homicide rate,0.7
Poland,Homicide rate,0.8
Portugal,Homicide rate,1
Slovak Republic,Homicide rate,1
Spain,Homicide rate,0.9
Sweden,Homicide rate,1.5
Switzerland,Homicide rate,0.4
Türkiye,Homicide rate,1.5
United Kingdom,Homicide rate,0.2
United States,Homicide rate,9.5
Brazil,Homicide rate,35.5
Chile,Homicide rate,4.2
Estonia,Homicide rate,3.1
Israel,Homicide rate,2.4
Latvia,Homicide rate,5.8
Russia,Homicide rate,7.7
Slovenia,Homicide rate,0.5
South Africa,Homicide rate,24.7
Australia,Homicide rate,0.6
Austria,Homicide rate,0.5
Belgium,Homicide rate,0.8
Canada,Homicide rate,0.7
Czech Republic,Homicide rate,0.6
Denmark,Homicide rate,0.4
Finland,Homicide rate,0.7
France,Homicide rate,0.3
Germany,Homicide rate,0.3
Greece,Homicide rate,0.4
Hungary,Homicide rate,0.7
Iceland,Homicide rate,1.2
Ireland,Homicide rate,0.1
Italy,Homicide rate,0.3
Japan,Homicide rate,0.2
Korea,Homicide rate,0.7
Luxembourg,Homicide rate,0.2
Mexico,Homicide rate,5.5
Netherlands,Homicide rate,0.4
New Zealand,Homicide rate,1
Norway,Homicide rate,0.5
Poland,Homicide rate,0.3
Portugal,Homicide rate,0.4
Slovak Republic,Homicide rate,0.6
Spain,Homicide rate,0.5
Sweden,Homicide rate,0.5
Switzerland,Homicide rate,0.3
Türkiye,Homicide rate,0.5
United Kingdom,Homicide rate,0.1
United States,Homicide rate,2.5
Brazil,Homicide rate,3.3
Chile,Homicide rate,0.7
Estonia,Homicide rate,0.6
Israel,Homicide rate,0.7
Latvia,Homicide rate,1.9
Russia,Homicide rate,2.2
Slovenia,Homicide rate,0.3
South Africa,Homicide rate,3.6
Australia,Employees working very long hours,12.5
Austria,Employees working very long hours,5.3
Belgium,Employees working very long hours,4.3
Canada,Employees working very long hours,3.3
Czech Republic,Employees working very long hours,4.5
Denmark,Employees working very long hours,1.1
Finland,Employees working very long hours,3.6
France,Employees working very long hours,7.7
Germany,Employees working very long hours,3.9
Greece,Employees working very long hours,4.5
Hungary,Employees working very long hours,1.5
Iceland,Employees working very long hours,11.7
Ireland,Employees working very long hours,4.7
Italy,Employees working very long hours,3.3
Luxembourg,Employees working very long hours,2.8
Mexico,Employees working very long hours,27
Netherlands,Employees working very long hours,0.3
New Zealand,Employees working very long hours,14
Norway,Employees working very long hours,1.4
Poland,Employees working very long hours,4.2
Portugal,Employees working very long hours,5.6
Slovak Republic,Employees working very long hours,4.2
Spain,Employees working very long hours,2.5
Sweden,Employees working very long hours,0.9
Switzerland,Employees working very long hours,0.4
Türkiye,Employees working very long hours,25
United Kingdom,Employees working very long hours,10.8
United States,Employees working very long hours,10.4
Brazil,Employees working very long hours,5.6
Chile,Employees working very long hours,7.7
Estonia,Employees working very long hours,2.2
Israel,Employees working very long hours,14.1
Latvia,Employees working very long hours,1.6
Russia,Employees working very long hours,0.1
Slovenia,Employees working very long hours,5.6
South Africa,Employees working very long hours,15.4
Australia,Employees working very long hours,18.5
Austria,Employees working very long hours,8.1
Belgium,Employees working very long hours,5.8
Canada,Employees working very long hours,5.3
Czech Republic,Employees working very long hours,6.7
Denmark,Employees working very long hours,2.1
Finland,Employees working very long hours,5.2
France,Employees working very long hours,10.2
Germany,Employees working very long hours,5.7
Greece,Employees working very long hours,6.1
Hungary,Employees working very long hours,2
Iceland,Employees working very long hours,17.9
Ireland,Employees working very long hours,7.8
Italy,Employees working very long hours,4.3
Luxembourg,Employees working very long hours,3.4
Mexico,Employees working very long hours,33
Netherlands,Employees working very long hours,0.6
New Zealand,Employees working very long hours,19.3
Norway,Employees working very long hours,2.1
Poland,Employees working very long hours,6.7
Portugal,Employees working very long hours,8.1
Slovak Republic,Employees working very long hours,6.1
Spain,Employees working very long hours,3.5
Sweden,Employees working very long hours,1.3
Switzerland,Employees working very long hours,0.4
Türkiye,Employees working very long hours,27.2
United Kingdom,Employees working very long hours,15.3
United States,Employees working very long hours,13.9
Brazil,Employees working very long hours,7.3
Chile,Employees working very long hours,9.6
Estonia,Employees working very long hours,3
Israel,Employees working very long hours,21.5
Latvia,Employees working very long hours,2.4
Russia,Employees working very long hours,0.2
Slovenia,Employees working very long hours,7.9
South Africa,Employees working very long hours,19.7
Australia,Employees working very long hours,6.1
Austria,Employees working very long hours,2.4
Belgium,Employees working very long hours,2.6
Canada,Employees working very long hours,1.2
Czech Republic,Employees working very long hours,2
Denmark,Employees working very long hours,0.1
Finland,Employees working very long hours,2.1
France,Employees working very long hours,5.2
Germany,Employees working very long hours,1.8
Greece,Employees working very long hours,2.5
Hungary,Employees working very long hours,0.9
Iceland,Employees working very long hours,5
Ireland,Employees working very long hours,1.7
Italy,Employees working very long hours,2.2
Luxembourg,Employees working very long hours,2
Mexico,Employees working very long hours,17.4
Netherlands,Employees working very long hours,0.1
New Zealand,Employees working very long hours,8.6
Norway,Employees working very long hours,0.6
Poland,Employees working very long hours,1.3
Portugal,Employees working very long hours,3.3
Slovak Republic,Employees working very long hours,2
Spain,Employees working very long hours,1.4
Sweden,Employees working very long hours,0.5
Switzerland,Employees working very long hours,0.3
Türkiye,Employees working very long hours,20.1
United Kingdom,Employees working very long hours,6.3
United States,Employees working very long hours,6.6
Brazil,Employees working very long hours,3.6
Chile,Employees working very long hours,5
Estonia,Employees working very long hours,1.4
Israel,Employees working very long hours,6.8
Latvia,Employees working very long hours,1
Russia,Employees working very long hours,0.1
Slovenia,Employees working very long hours,2.9
South Africa,Employees working very long hours,10.4
Australia,Time devoted to leisure and personal care,14.36
Austria,Time devoted to leisure and personal care,14.51
Belgium,Time devoted to leisure and personal care,15.52
Canada,Time devoted to leisure and personal care,14.57
Finland,Time devoted to leisure and personal care,15.17
France,Time devoted to leisure and personal care,16.2
Germany,Time devoted to leisure and personal care,15.62
Greece,Time devoted to leisure and personal care,15.03
Hungary,Time devoted to leisure and personal care,15.08
Ireland,Time devoted to leisure and personal care,14.54
Italy,Time devoted to leisure and personal care,16.47
Japan,Time devoted to leisure and personal care,14.1
Korea,Time devoted to leisure and personal care,14.83
Netherlands,Time devoted to leisure and personal care,15.45
New Zealand,Time devoted to leisure and personal care,14.87
Norway,Time devoted to leisure and personal care,15.67
Poland,Time devoted to leisure and personal care,14.68
Spain,Time devoted to leisure and personal care,15.75
Türkiye,Time devoted to leisure and personal care,14.61
United Kingdom,Time devoted to leisure and personal care,14.94
United States,Time devoted to leisure and personal care,14.57
Estonia,Time devoted to leisure and personal care,14.98
Australia,Time devoted to leisure and personal care,14.8
Austria,Time devoted to leisure and personal care,14.7
Belgium,Time devoted to leisure and personal care,15.6
Canada,Time devoted to leisure and personal care,14.6
Finland,Time devoted to leisure and personal care,15.3
France,Time devoted to leisure and personal care,16.4
Germany,Time devoted to leisure and personal care,15.7
Greece,Time devoted to leisure and personal care,15.4
Hungary,Time devoted to leisure and personal care,15.5
Ireland,Time devoted to leisure and personal care,14.6
Italy,Time devoted to leisure and personal care,16.9
Japan,Time devoted to leisure and personal care,14.2
Korea,Time devoted to leisure and personal care,15.1
Netherlands,Time devoted to leisure and personal care,15.4
New Zealand,Time devoted to leisure and personal care,14.6
Norway,Time devoted to leisure and personal care,15
Poland,Time devoted to leisure and personal care,14.9
Spain,Time devoted to leisure and personal care,16.1
Türkiye,Time devoted to leisure and personal care,14.8
United Kingdom,Time devoted to leisure and personal care,15
United States,Time devoted to leisure and personal care,14.8
Estonia,Time devoted to leisure and personal care,15.4
Australia,Time devoted to leisure and personal care,13.65
Austria,Time devoted to leisure and personal care,14.31
Belgium,Time devoted to leisure and personal care,15.33
Canada,Time devoted to leisure and personal care,14.47
Finland,Time devoted to leisure and personal care,15.05
France,Time devoted to leisure and personal care,15.92
Germany,Time devoted to leisure and personal care,15.57
Greece,Time devoted to leisure and personal care,14.78
Hungary,Time devoted to leisure and personal care,14.55
Ireland,Time devoted to leisure and personal care,14.41
Italy,Time devoted to leisure and personal care,15.52
Japan,Time devoted to leisure and personal care,14
Korea,Time devoted to leisure and personal care,14.47
Netherlands,Time devoted to leisure and personal care,15.67
New Zealand,Time devoted to leisure and personal care,14.53
Norway,Time devoted to leisure and personal care,16.39
Poland,Time devoted to leisure and personal care,14.33
Spain,Time devoted to leisure and personal care,15.26
Türkiye,Time devoted to leisure and personal care,14.07
United Kingdom,Time devoted to leisure and personal care,14.88
United States,Time devoted to leisure and personal care,14.29
Estonia,Time devoted to leisure and personal care,14.55
Colombia,Stakeholder engagement for developing regulations,1.4
Lithuania,Stakeholder engagement for developing regulations,2.4
Colombia,Dwellings without basic facilities,12.3
Lithuania,Dwellings without basic facilities,11.8
Lithuania,Housing expenditure,18.4
Colombia,Feeling safe walking alone at night,50
Lithuania,Feeling safe walking alone at night,62
Colombia,Feeling safe walking alone at night,54
Lithuania,Feeling safe walking alone at night,69
Colombia,Feeling safe walking alone at night,45
Lithuania,Feeling safe walking alone at night,56
Colombia,Rooms per person,1
Lithuania,Rooms per person,1.5
Lithuania,Household net adjusted disposable income,26976
Lithuania,Household net wealth,182039
Colombia,Employment rate,58
Lithuania,Employment rate,72
Colombia,Employment rate,71
Lithuania,Employment rate,72
Colombia,Employment rate,45
Lithuania,Employment rate,71
Colombia,Long-term unemployment rate,1.1
Lithuania,Long-term unemployment rate,2.5
Colombia,Long-term unemployment rate,0.7
Lithuania,Long-term unemployment rate,2.5
Colombia,Long-term unemployment rate,1.6
Lithuania,Long-term unemployment rate,2.4
Lithuania,Personal earnings,31811
Colombia,Quality of support network,80
Lithuania,Quality of support network,89
Colombia,Quality of support network,76
Lithuania,Quality of support network,89
Colombia,Quality of support network,83
Lithuania,Quality of support network,88
Colombia,Quality of support network,92
Lithuania,Quality of support network,96
Colombia,Quality of support network,80
Lithuania,Quality of support network,88
Colombia,Educational attainment,59
Lithuania,Educational attainment,94
Colombia,Educational attainment,56
Lithuania,Educational attainment,91
Colombia,Educational attainment,61
Lithuania,Educational attainment,96
Colombia,Student skills,406
Lithuania,Student skills,480
Colombia,Student skills,409
Lithuania,Student skills,472
Colombia,Student skills,402
Lithuania,Student skills,488
Colombia,Student skills,459
Lithuania,Student skills,522
Colombia,Student skills,373
Lithuania,Student skills,432
Colombia,Years in education,14
Lithuania,Years in education,18
Colombia,Years in education,14
Lithuania,Years in education,18
Colombia,Years in education,14
Lithuania,Years in education,19
Colombia,Air pollution,22.6
Lithuania,Air pollution,10.5
Colombia,Water quality,82
Lithuania,Water quality,83
Colombia,Water quality,80
Lithuania,Water quality,85
Colombia,Water quality,83
Lithuania,Water quality,81
Colombia,Voter turnout,53
Lithuania,Voter turnout,57
Colombia,Life expectancy,76.7
Lithuania,Life expectancy,76.4
Colombia,Life expectancy,73.5
Lithuania,Life expectancy,71.6
Colombia,Life expectancy,79.9
Lithuania,Life expectancy,81.2
Colombia,Self-reported health,80
Lithuania,Self-reported health,46
Colombia,Self-reported health,84
Lithuania,Self-reported health,52
Colombia,Self-reported health,78
Lithuania,Self-reported health,42
Colombia,Self-reported health,84
Lithuania,Self-reported health,67
Colombia,Self-reported health,76
Lithuania,Self-reported health,26
Colombia,Life satisfaction,5.7
Lithuania,Life satisfaction,6.4
Colombia,Life satisfaction,5.7
Lithuania,Life satisfaction,6.6
Colombia,Life satisfaction,5.7
Lithuania,Life satisfaction,6.2
Colombia,Life satisfaction,7.1
Lithuania,Life satisfaction,7.2
Colombia,Life satisfaction,5.7
Lithuania,Life satisfaction,6.2
Colombia,Homicide rate,23.1
Lithuania,Homicide rate,2.5
Colombia,Homicide rate,43
Lithuania,Homicide rate,4
Colombia,Homicide rate,4.1
Lithuania,Homicide rate,1
Colombia,Employees working very long hours,23.7
Lithuania,Employees working very long hours,1
Colombia,Employees working very long hours,28.2
Lithuania,Employees working very long hours,1.1
Colombia,Employees working very long hours,17.1
Lithuania,Employees working very long hours,0.8
Costa Rica,Stakeholder engagement for developing regulations,1.8
Costa Rica,Dwellings without basic facilities,2.3
Costa Rica,Housing expenditure,17
Costa Rica,Feeling safe walking alone at night,47
Costa Rica,Feeling safe walking alone at night,59
Costa Rica,Feeling safe walking alone at night,36
Costa Rica,Rooms per person,1.2
Costa Rica,Household net adjusted disposable income,16517
Costa Rica,Employment rate,55
Costa Rica,Employment rate,68
Costa Rica,Employment rate,41
Costa Rica,Long-term unemployment rate,1.5
Costa Rica,Long-term unemployment rate,0.8
Costa Rica,Long-term unemployment rate,2.6
Costa Rica,Quality of support network,82
Costa Rica,Quality of support network,80
Costa Rica,Quality of support network,85
Costa Rica,Quality of support network,90
Costa Rica,Quality of support network,85
Costa Rica,Educational attainment,43
Costa Rica,Educational attainment,41
Costa Rica,Educational attainment,44
Costa Rica,Student skills,415
Costa Rica,Student skills,417
Costa Rica,Student skills,413
Costa Rica,Student skills,476
Costa Rica,Student skills,392
Costa Rica,Air pollution,17.5
Costa Rica,Water quality,87
Costa Rica,Water quality,90
Costa Rica,Water quality,85
Costa Rica,Voter turnout,66
Costa Rica,Life expectancy,80.5
Costa Rica,Life expectancy,77.9
Costa Rica,Life expectancy,83
Costa Rica,Self-reported health,73
Costa Rica,Self-reported health,77
Costa Rica,Self-reported health,70
Costa Rica,Life satisfaction,6.3
Costa Rica,Life satisfaction,6.2
Costa Rica,Life satisfaction,6.5
Costa Rica,Life satisfaction,7.1
Costa Rica,Life satisfaction,6.5
Costa Rica,Homicide rate,10
Costa Rica,Homicide rate,18.2
Costa Rica,Homicide rate,1.8
Costa Rica,Employees working very long hours,22
Costa Rica,Employees working very long hours,27.9
Costa Rica,Employees working very long hours,12.7